theme,program,cflags,status,time_seconds,result,stage,exit_code,reason
Computer Graphics,ray_tracing_simple,-O3,SUCCESS,0.929365,126223387,,,
Computer Graphics,fluid_simulation_grid_2d,-O3,SUCCESS,0.825451,225.275597,,,
Computer Graphics,perlin_noise_generation_3d,-O3,SUCCESS,0.918056,26642022.151040,,,
Computer Graphics,bidirectional_path_tracing,-O3,SUCCESS,0.903444,306070.001456,,,
Computer Graphics,fractal_landscape_generation,-O3,SUCCESS,0.868845,10990230.203544,,,
Computer Graphics,smoke_simulation_particles,-O3,SUCCESS,0.88132,2424353.130221,,,
Computer Graphics,volume_ray_marching,-O3,SUCCESS,0.932573,1530478.683586,,,
Computer Graphics,path_tracing,-O3,SUCCESS,1.071345,1167107714,,,
Computer Graphics,ambient_occlusion_ray_casting,-O3,SUCCESS,0.581171,158859.593750,,,
Computer Graphics,rigid_body_physics_simulation,-O3,SUCCESS,0.96359,70363.266626,,,
Computer Graphics,mesh_simplification_qem,-O3,SUCCESS,0.626555,-26.171301,,,
Computer Graphics,rasterize_triangles,-O3,SUCCESS,1.027425,755997379799,,,
Computer Graphics,photon_mapping,-O3,SUCCESS,0.679557,93852,,,
Computer Graphics,cloth_simulation_mass_spring,-O3,SUCCESS,0.890238,-134207.926072,,,
Computer Graphics,soft_body_physics_simulation,-O3,SUCCESS,0.979405,33.637497,,,
Computer Graphics,mesh_subdivision_loop,-O3,SUCCESS,0.934827,-151995.750000,,,
Computer Graphics,gaussian_blur_filter,-O3,SUCCESS,0.53254,286922816.852989,,,
Computer Graphics,fluid_simulation_grid_3d,-O3,SUCCESS,0.808821,9686.485288,,,
Computer Graphics,tessellation_shader,-O3,SUCCESS,1.040671,-120005.435396,,,
Computer Graphics,fragment_shader_mandelbrot,-O3,SUCCESS,0.996012,429240973,,,
Computer Graphics,marching_cubes_isosurface_extraction,-O3,SUCCESS,0.818305,1898209956,,,
Computer Graphics,vertex_shader_skinning,-O3,SUCCESS,0.680233,-20626254.000000,,,
Computer Graphics,bloom_effect_processing,-O3,SUCCESS,0.946885,9693657.247924,,,
Computational Geometry,visibility_graph_construction,-O3,SUCCESS,0.70541,28869,,,
Computational Geometry,jarvis_march_convex_hull_2d,-O3,SUCCESS,0.925856,113369298,,,
Computational Geometry,build_kd_tree,-O3,SUCCESS,0.688782,999992.5,,,
Computational Geometry,rotating_calipers_find_diameter,-O3,SUCCESS,0.6367,9999.963176,,,
Computational Geometry,largest_empty_circle_in_points,-O3,SUCCESS,1.168172,0.052633,,,
Computational Geometry,build_r_tree,-O3,SUCCESS,1.11314,639366,,,
Computational Geometry,point_in_polygon_test,-O3,SUCCESS,0.96946,96052,,,
Computational Geometry,minkowski_sum_convex_polygons,-O3,SUCCESS,0.40561,6317817,,,
Computational Geometry,delaunay_triangulation_bowyer_watson,-O3,SUCCESS,0.561595,54438524,,,
Computational Geometry,polygon_area_shoelace,-O3,SUCCESS,0.626868,12903783.319507,,,
Computational Geometry,closest_pair_of_points_dc,-O3,SUCCESS,0.500339,0.009255,,,
Computational Geometry,graham_scan_convex_hull_2d,-O3,SUCCESS,1.122942,332483.92,,,
Computational Geometry,shortest_path_in_polygon,-O3,SUCCESS,0.760468,518.472326,,,
Computational Geometry,voronoi_diagram_fortunes_algorithm,-O3,SUCCESS,0.617348,975226182823900.750000,,,
Computational Geometry,find_all_intersecting_rectangles,-O3,SUCCESS,0.817211,92740922,,,
Computational Geometry,bentley_ottmann_line_intersections,-O3,SUCCESS,0.92647,35381,,,
Computational Geometry,quickhull_3d,-O3,SUCCESS,0.593951,37657,,,
Computational Geometry,kd_tree_range_search,-O3,SUCCESS,0.973279,5865509,,,
Computational Geometry,monotone_chain_convex_hull_2d,-O3,SUCCESS,0.938983,39,,,
Computational Geometry,polygon_triangulation_ear_clipping,-O3,SUCCESS,1.225681,1833673998,,,
Computational Arithmetic,compute_e_digits,-O3,SUCCESS,0.946199,89804,,,
Computational Arithmetic,rational_arithmetic,-O3,SUCCESS,0.649415,2835077863269486,,,
Computational Arithmetic,bignum_multiplication_karatsuba,-O3,SUCCESS,0.489311,968,,,
Computational Arithmetic,bignum_division,-O3,SUCCESS,0.951481,160154,,,
Computational Arithmetic,continued_fraction_expansion,-O3,SUCCESS,0.992394,963735303,,,
Computational Arithmetic,complex_number_operations,-O3,SUCCESS,1.0087,1.662602,,,
Computational Arithmetic,sqrt_newton_iteration,-O3,SUCCESS,0.985591,13772808243860153354,,,
Computational Arithmetic,compute_pi_digits_spigot,-O3,SUCCESS,0.622078,33643,,,
Computational Arithmetic,quaternion_multiplication,-O3,SUCCESS,1.00543,-1886012.661623,,,
Computational Arithmetic,interval_arithmetic,-O3,SUCCESS,0.7722,-22418449182.025581,,,
Computational Arithmetic,bignum_addition,-O3,SUCCESS,0.931245,1890014755,,,
Computational Arithmetic,bignum_modular_reduction,-O3,SUCCESS,0.938661,15948214277056783867,,,
Graph Algorithms,kruskal_mst,-O3,SUCCESS,0.481122,24056090,,,
Graph Algorithms,find_shortest_cycle,-O3,SUCCESS,0.775153,2,,,
Graph Algorithms,topological_sort_dfs,-O3,SUCCESS,0.49847,5119998400000,,,
Graph Algorithms,betweenness_centrality_calc,-O3,SUCCESS,0.875989,7765710.000000,,,
Graph Algorithms,breadth_first_search,-O3,SUCCESS,0.548015,319213,,,
Graph Algorithms,find_articulation_points,-O3,SUCCESS,0.53676,1,,,
Graph Algorithms,bellman_ford_shortest_path,-O3,SUCCESS,1.119674,510531,,,
Graph Algorithms,push_relabel_max_flow,-O3,SUCCESS,1.089698,26000,,,
Graph Algorithms,topological_sort_iterative,-O3,SUCCESS,1.045086,-5649250554061233060,,,
Graph Algorithms,detect_cycle_directed_graph,-O3,SUCCESS,0.580617,3248921,,,
Graph Algorithms,depth_first_search,-O3,SUCCESS,0.627023,79999800000,,,
Graph Algorithms,topological_sort_kahn,-O3,SUCCESS,0.993507,41665922868014,,,
Graph Algorithms,dijkstra_shortest_path,-O3,SUCCESS,0.608686,1776251,,,
Graph Algorithms,greedy_graph_coloring,-O3,SUCCESS,0.357459,32,,,
Graph Algorithms,find_eulerian_circuit,-O3,SUCCESS,0.682931,2811974072420937991,,,
Graph Algorithms,degree_centrality_calc,-O3,SUCCESS,1.075213,1320000000,,,
Graph Algorithms,bron_kerbosch_clique_enum,-O3,SUCCESS,1.120838,410200,,,
Graph Algorithms,graph_diameter_calc,-O3,SUCCESS,0.563192,4,,,
Graph Algorithms,johnson_all_pairs_shortest_path,-O3,SUCCESS,0.956173,-842787608,,,
Graph Algorithms,floyd_warshall_all_pairs_shortest_path,-O3,SUCCESS,0.506986,2894282,,,
Graph Algorithms,kosaraju_scc,-O3,SUCCESS,0.726719,1,,,
Graph Algorithms,prim_mst,-O3,SUCCESS,0.504441,1875450,,,
Graph Algorithms,hopcroft_karp_bipartite_matching,-O3,SUCCESS,0.744116,500000,,,
Graph Algorithms,detect_cycle_undirected_graph,-O3,SUCCESS,0.66903,70000001,,,
Graph Algorithms,find_connected_components,-O3,SUCCESS,0.798543,1,,,
Graph Algorithms,closeness_centrality_calc,-O3,SUCCESS,0.965674,0.386205,,,
Graph Algorithms,find_bridges,-O3,SUCCESS,1.005761,0,,,
Graph Algorithms,dinic_max_flow,-O3,SUCCESS,1.006925,7042,,,
Graph Algorithms,a_star_search,-O3,SUCCESS,0.59195,1.969065,,,
Graph Algorithms,tarjan_scc,-O3,SUCCESS,0.866894,1,,,
Graph Algorithms,edmonds_karp_max_flow,-O3,SUCCESS,0.757501,923,,,
Graph Algorithms,blossom_algorithm_general_matching,-O3,SUCCESS,0.868478,29000,,,
Bit Manipulation And Low-Level Ops,hamming_distance_batch,-O3,SUCCESS,0.483381,21000049271,,,
Bit Manipulation And Low-Level Ops,bitwise_crc32_computation,-O3,SUCCESS,1.056233,2020543675,,,
Bit Manipulation And Low-Level Ops,gray_code_generation,-O3,SUCCESS,0.73715,2305843008139952128,,,
Bit Manipulation And Low-Level Ops,bitwise_sieve,-O3,SUCCESS,0.709177,11078937,,,
Bit Manipulation And Low-Level Ops,bit_matrix_transpose,-O3,SUCCESS,0.683462,14185492066841013220,,,
Bit Manipulation And Low-Level Ops,bitwise_population_count,-O3,SUCCESS,0.788293,14400052924,,,
Data Compression,run_length_encoding_decompress,-O3,SUCCESS,0.50138,1171089577,,,
Data Compression,delta_encoding_decompress,-O3,SUCCESS,0.944552,-849991843969385176,,,
Data Compression,inverse_move_to_front_transform,-O3,SUCCESS,1.047484,3171166865,,,
Data Compression,lzw_compress,-O3,SUCCESS,1.063909,826405805394,,,
Data Compression,move_to_front_transform,-O3,SUCCESS,0.990132,2673646664,,,
Data Compression,lz77_compress,-O3,SUCCESS,0.892947,1048470,,,
Data Compression,delta_encoding_compress,-O3,SUCCESS,0.737253,273662828349,,,
Data Compression,run_length_encoding_compress,-O3,SUCCESS,0.987629,73178328,,,
Data Compression,lzw_decompress,-O3,SUCCESS,1.054455,114497485164,,,
Data Compression,burrows_wheeler_transform,-O3,SUCCESS,0.617255,3478155,,,
Data Compression,inverse_burrows_wheeler_transform,-O3,SUCCESS,0.859871,-5533590,,,
Data Compression,arithmetic_coding_decompress,-O3,SUCCESS,0.949772,1905881743,,,
Data Compression,huffman_compress,-O3,SUCCESS,0.52347,2499805184,,,
Data Compression,lzss_compress,-O3,SUCCESS,1.016306,2037345,,,
Data Compression,deflate_like_compress_pipeline,-O3,SUCCESS,1.142251,48901,,,
Data Compression,huffman_decompress,-O3,SUCCESS,0.996225,4544997856,,,
Data Compression,bzip2_like_compress_pipeline,-O3,SUCCESS,0.831517,70535196229,,,
Data Compression,arithmetic_coding_compress,-O3,SUCCESS,1.000622,1867124738,,,
Numerical Optimization,coordinate_descent,-O3,SUCCESS,0.972596,0.002450,,,
Numerical Optimization,brent_method,-O3,SUCCESS,1.006248,2645.227624,,,
Numerical Optimization,golden_section_search,-O3,SUCCESS,0.990315,755.578768,,,
Numerical Optimization,pattern_search,-O3,SUCCESS,1.087894,432.807190,,,
Numerical Optimization,trust_region_method,-O3,SUCCESS,0.939585,782.653421,,,
Numerical Optimization,levenberg_marquardt,-O3,SUCCESS,0.953522,89.169021,,,
Numerical Optimization,grid_search,-O3,SUCCESS,0.586518,3.287690,,,
Numerical Optimization,parabolic_interpolation,-O3,SUCCESS,1.052598,13626493.743767,,,
Numerical Optimization,fibonacci_search,-O3,SUCCESS,0.936783,311131.98493075,,,
Numerical Optimization,nelder_mead_simplex,-O3,SUCCESS,1.065708,12.998022,,,
Numerical Optimization,conjugate_gradient_nonlinear,-O3,SUCCESS,0.944492,6905.973051,,,
Numerical Optimization,random_search,-O3,SUCCESS,0.594009,11.736173,,,
Physical Modeling And Simulations,lennard_jones_fluid,-O3,SUCCESS,0.950125,231831449578796.843750,,,
Physical Modeling And Simulations,crack_propagation_simulation,-O3,SUCCESS,0.992226,0,,,
Physical Modeling And Simulations,elastic_collision_simulation_2d,-O3,SUCCESS,0.983835,714118.510954,,,
Physical Modeling And Simulations,fdtd_electromagnetic_wave_2d,-O3,SUCCESS,1.008387,8.452897,,,
Physical Modeling And Simulations,percolation_simulation,-O3,SUCCESS,0.737426,155450.1700,,,
Physical Modeling And Simulations,protein_folding_simplified,-O3,SUCCESS,0.928444,399568.332560,,,
Physical Modeling And Simulations,smoothed_particle_hydrodynamics,-O3,SUCCESS,1.383959,7444.110335,,,
Physical Modeling And Simulations,n_body_simulation_barnes_hut,-O3,SUCCESS,1.073809,7161919644883.635742,,,
Physical Modeling And Simulations,fea_truss_analysis,-O3,SUCCESS,0.998371,11.298610,,,
Physical Modeling And Simulations,schrodinger_equation_solver_1d,-O3,SUCCESS,0.969839,1.0016600572,,,
Physical Modeling And Simulations,lattice_boltzmann_flow,-O3,SUCCESS,0.783577,0.000047,,,
Physical Modeling And Simulations,ising_model_3d_metropolis,-O3,SUCCESS,1.035027,67808,,,
Physical Modeling And Simulations,doppler_effect_simulation,-O3,SUCCESS,0.902862,414437394789.023926,,,
Physical Modeling And Simulations,quantum_tunneling_simulation,-O3,SUCCESS,0.975352,0.000000,,,
Physical Modeling And Simulations,wave_equation_solver_2d,-O3,SUCCESS,0.772786,3374.263043,,,
Physical Modeling And Simulations,particle_in_cell_plasma,-O3,SUCCESS,0.495972,627434598933.12,,,
Physical Modeling And Simulations,monte_carlo_hard_spheres,-O3,SUCCESS,0.957046,1287879,,,
Physical Modeling And Simulations,galaxy_collision_simulation,-O3,SUCCESS,0.550084,64553719.546298,,,
Physical Modeling And Simulations,quantum_monte_carlo,-O3,SUCCESS,1.018731,12.618305,,,
Physical Modeling And Simulations,n_body_simulation_brute_force,-O3,SUCCESS,1.040041,3402678898070.322754,,,
Physical Modeling And Simulations,magnetohydrodynamics_2d,-O3,SUCCESS,0.951569,1195806.677129,,,
Physical Modeling And Simulations,brownian_motion_simulation,-O3,SUCCESS,0.694507,49978153.834273,,,
Physical Modeling And Simulations,fea_heat_conduction_2d,-O3,SUCCESS,0.937918,1082829615.474341,,,
Physical Modeling And Simulations,ising_model_2d_metropolis,-O3,SUCCESS,0.993331,-2500204,,,
Physical Modeling And Simulations,vortex_method_simulation,-O3,SUCCESS,0.955971,-368.661046,,,
Physical Modeling And Simulations,navier_stokes_solver_2d,-O3,SUCCESS,0.603394,239.824149,,,
Physical Modeling And Simulations,acoustic_ray_tracing,-O3,SUCCESS,0.96413,101990.8686,,,
Audio Synthesis And Analysis,pitch_detection_yin,-O3,SUCCESS,1.014186,219.702635,,,
Audio Synthesis And Analysis,harmonic_percussive_source_separation,-O3,SUCCESS,1.023612,1321349.992069,,,
Audio Synthesis And Analysis,onset_detection_spectral_flux,-O3,SUCCESS,1.065127,177673096.396438,,,
Audio Synthesis And Analysis,beat_tracking_dynamic_programming,-O3,SUCCESS,0.957475,693,,,
Audio Synthesis And Analysis,physical_modeling_karplus_strong,-O3,SUCCESS,1.011843,201984.619096,,,
Audio Synthesis And Analysis,subtractive_synthesis_run,-O3,SUCCESS,0.936103,-229.76,,,
Audio Synthesis And Analysis,wavetable_synthesis_run,-O3,SUCCESS,0.889746,8.676731,,,
Audio Synthesis And Analysis,independent_component_analysis_fastica,-O3,SUCCESS,1.229629,8.767219,,,
Audio Synthesis And Analysis,mfcc_extraction,-O3,SUCCESS,1.054773,4862.950275,,,
Audio Synthesis And Analysis,chromagram_extraction,-O3,SUCCESS,0.951279,1097454.165176,,,
Audio Synthesis And Analysis,spectral_centroid_analysis,-O3,SUCCESS,1.17531,11366962.129765,,,
Audio Synthesis And Analysis,phase_vocoder_time_stretch,-O3,SUCCESS,0.937478,1021.865417,,,
Audio Synthesis And Analysis,dynamic_range_compression,-O3,SUCCESS,0.643093,1290.364705,,,
Audio Synthesis And Analysis,fm_synthesis_run,-O3,SUCCESS,0.970513,18.870150,,,
Audio Synthesis And Analysis,phase_vocoder_pitch_shift,-O3,SUCCESS,1.009672,3.038798,,,
Audio Synthesis And Analysis,granular_synthesis_run,-O3,SUCCESS,0.96804,852903798.699539,,,
Audio Synthesis And Analysis,additive_synthesis_run,-O3,SUCCESS,1.11685,0.000000,,,
Audio Synthesis And Analysis,convolution_reverb_apply,-O3,SUCCESS,0.728604,5706.320801,,,
Audio Synthesis And Analysis,constant_q_transform,-O3,SUCCESS,0.963988,3576.367523,,,
Parsing And Formal Language Recognition,cyk_parser,-O3,SUCCESS,0.964414,413,,,
Parsing And Formal Language Recognition,convert_nfa_to_dfa,-O3,SUCCESS,1.017375,1422630,,,
Parsing And Formal Language Recognition,lexical_analyzer_run,-O3,SUCCESS,0.99964,331965274,,,
Parsing And Formal Language Recognition,generate_lr_parsing_table,-O3,SUCCESS,1.420134,6416599548,,,
Parsing And Formal Language Recognition,recursive_descent_parser,-O3,SUCCESS,1.01675,500000000,,,
Parsing And Formal Language Recognition,glr_parser,-O3,SUCCESS,0.903799,2449,,,
Parsing And Formal Language Recognition,context_sensitive_grammar_parser_lba,-O3,SUCCESS,0.619715,98499904,,,
Parsing And Formal Language Recognition,peg_parser,-O3,SUCCESS,0.608655,0,,,
Parsing And Formal Language Recognition,regex_nfa_simulation,-O3,SUCCESS,0.916911,346,,,
Parsing And Formal Language Recognition,regex_dfa_execution,-O3,SUCCESS,1.002492,10212983,,,
Parsing And Formal Language Recognition,earley_parser,-O3,SUCCESS,0.626156,89361,,,
Cryptography,ecc_scalar_multiplication,-O3,SUCCESS,1.100456,115473661374220580,,,
Cryptography,ecdsa_verify_signature,-O3,SUCCESS,1.086368,3,,,
Cryptography,sha3_proof_of_work,-O3,SUCCESS,0.963736,1699927,,,
Cryptography,bcrypt_hashing,-O3,SUCCESS,0.765716,1435239605,,,
Cryptography,triple_des_bruteforce,-O3,SUCCESS,0.762144,0,,,
Cryptography,des_bruteforce,-O3,SUCCESS,0.390679,281764,,,
Cryptography,ecdsa_sign_message,-O3,SUCCESS,0.595184,4140589757,,,
Cryptography,argon2_hashing,-O3,SUCCESS,0.890489,4286,,,
Cryptography,general_number_field_sieve_simulation,-O3,SUCCESS,0.907759,478068387,,,
Cryptography,scrypt_hashing,-O3,SUCCESS,1.144772,7977,,,
Cryptography,aes_bruteforce,-O3,SUCCESS,0.900726,1,,,
Cryptography,pbkdf2_hashing,-O3,SUCCESS,1.046232,4645,,,
Cryptography,sha256_proof_of_work,-O3,SUCCESS,1.121343,833617,,,
Cryptography,rsa_encrypt,-O3,SUCCESS,0.700861,1104792855565,,,
Cryptography,diffie_hellman_key_exchange,-O3,SUCCESS,0.976762,12528449278908341729,,,
Cryptography,discrete_logarithm_bruteforce,-O3,SUCCESS,0.790291,100356638,,,
Cryptography,ecdsa_key_generation,-O3,SUCCESS,0.505236,2156186248,,,
Cryptography,rsa_decrypt,-O3,SUCCESS,1.012742,4189032075358655,,,
Boolean Satisfiability (Sat) And Constraint Solving,smt_solver_difference_logic,-O3,SUCCESS,0.854375,-1,,,
Boolean Satisfiability (Sat) And Constraint Solving,max_sat_solver_branch_and_bound,-O3,SUCCESS,1.042567,228,,,
Boolean Satisfiability (Sat) And Constraint Solving,resolution_theorem_proving,-O3,SUCCESS,0.991494,19870,,,
Boolean Satisfiability (Sat) And Constraint Solving,build_binary_decision_diagram_from_cnf,-O3,SUCCESS,0.912087,1478542,,,
Boolean Satisfiability (Sat) And Constraint Solving,walksat_local_search_solver,-O3,SUCCESS,0.791058,0,,,
Boolean Satisfiability (Sat) And Constraint Solving,csp_forward_checking,-O3,SUCCESS,0.651599,0,,,
Boolean Satisfiability (Sat) And Constraint Solving,smt_solver_uninterpreted_functions,-O3,SUCCESS,1.388062,6167,,,
Boolean Satisfiability (Sat) And Constraint Solving,two_sat_solver,-O3,SUCCESS,1.210704,0,,,
Boolean Satisfiability (Sat) And Constraint Solving,csp_arc_consistency_ac3,-O3,SUCCESS,0.899727,1500000000,,,
Boolean Satisfiability (Sat) And Constraint Solving,dpll_solver,-O3,SUCCESS,0.887126,1,,,
Boolean Satisfiability (Sat) And Constraint Solving,csp_min_conflicts_local_search,-O3,SUCCESS,1.230295,28324,,,
Boolean Satisfiability (Sat) And Constraint Solving,csp_backtracking_search,-O3,SUCCESS,0.70653,121650,,,
Boolean Satisfiability (Sat) And Constraint Solving,cdcl_solver_basic,-O3,SUCCESS,0.739568,2253,,,
Machine Learning,pca,-O3,SUCCESS,0.653514,15948.367057,,,
Machine Learning,gradient_boosting_train,-O3,SUCCESS,0.794296,13818.905740,,,
Machine Learning,linear_regression_sgd,-O3,SUCCESS,0.510163,16.975642,,,
Machine Learning,k_means_clustering,-O3,SUCCESS,0.649042,3765525,,,
Machine Learning,genetic_algorithm,-O3,SUCCESS,0.477984,1238,,,
Machine Learning,batch_normalization,-O3,SUCCESS,0.698187,52304.982062,,,
Machine Learning,mlp_classifier_train,-O3,SUCCESS,1.063808,0.121653,,,
Machine Learning,lstm_cell_forward_pass,-O3,SUCCESS,0.858743,-27.313314,,,
Machine Learning,ridge_regression,-O3,SUCCESS,0.648891,0.208547,,,
Machine Learning,convolution_2d,-O3,SUCCESS,0.889507,27894.316406,,,
Machine Learning,backpropagation_feedforward,-O3,SUCCESS,0.488647,0.021983,,,
Machine Learning,svm_rbf_kernel_train,-O3,SUCCESS,0.963802,89.997963,,,
Machine Learning,hierarchical_clustering,-O3,SUCCESS,1.354722,1809.770996,,,
Machine Learning,decision_tree_train,-O3,SUCCESS,0.606797,-5384704632759634966,,,
Machine Learning,relu_activation_batch,-O3,SUCCESS,0.987754,67105636.072770,,,
Machine Learning,softmax_activation_batch,-O3,SUCCESS,1.36592,0.978506,,,
Machine Learning,dbscan_clustering,-O3,SUCCESS,0.902693,16755567,,,
Machine Learning,mlp_classifier_predict,-O3,SUCCESS,0.647618,51651,,,
Machine Learning,knn_classification,-O3,SUCCESS,0.791734,3560,,,
Machine Learning,svm_linear_train,-O3,SUCCESS,0.932392,2.440994,,,
Machine Learning,transformer_encoder_layer_forward,-O3,SUCCESS,0.511776,-0.000148,,,
Machine Learning,svr_train,-O3,SUCCESS,0.626728,6.621115,,,
Machine Learning,random_forest_train,-O3,SUCCESS,0.658368,213697,,,
Machine Learning,collaborative_filtering_als,-O3,SUCCESS,0.540482,172288.236093,,,
Machine Learning,gru_cell_forward_pass,-O3,SUCCESS,0.886549,-337.306458,,,
Machine Learning,max_pooling_2d,-O3,SUCCESS,0.800245,53686737.789005,,,
Machine Learning,polynomial_regression,-O3,SUCCESS,0.640635,160.076777,,,
Machine Learning,logistic_regression_train,-O3,SUCCESS,1.163523,0.508733,,,
Machine Learning,t_sne,-O3,SUCCESS,1.000901,-0.000000,,,
Machine Learning,naive_bayes_train,-O3,SUCCESS,0.499909,62181013952,,,
Machine Learning,adaboost_train,-O3,SUCCESS,0.637696,0.039137,,,
Machine Learning,matrix_multiplication,-O3,SUCCESS,0.830659,250082304.000000,,,
Automated Theorem Proving And Formal Verification,unification_engine_run,-O3,SUCCESS,1.197716,437533,,,
Automated Theorem Proving And Formal Verification,abstract_interpretation_run,-O3,SUCCESS,0.785093,1041231,,,
Automated Theorem Proving And Formal Verification,symbolic_model_checker_ctl_bdd,-O3,SUCCESS,1.03216,10235429,,,
Automated Theorem Proving And Formal Verification,check_confluence_rewriting_system,-O3,SUCCESS,0.918263,0,,,
Automated Theorem Proving And Formal Verification,knuth_bendix_completion_algorithm,-O3,SUCCESS,1.032978,2771122,,,
Automated Theorem Proving And Formal Verification,apply_automated_proof_search_tactic,-O3,SUCCESS,0.576825,832868,,,
Automated Theorem Proving And Formal Verification,explicit_state_model_checker_ltl,-O3,SUCCESS,0.447387,4824,,,
Automated Theorem Proving And Formal Verification,explicit_state_buchke_automaton_check,-O3,SUCCESS,1.228771,9334,,,
Automated Theorem Proving And Formal Verification,combinatorial_equivalence_check_aig,-O3,SUCCESS,1.078948,15333,,,
Automated Theorem Proving And Formal Verification,resolution_prover_fol,-O3,SUCCESS,1.007627,5094,,,
Automated Theorem Proving And Formal Verification,weakest_precondition_calculation,-O3,SUCCESS,1.020647,8086648273929,,,
Automated Theorem Proving And Formal Verification,symbolic_execution_path_explosion,-O3,SUCCESS,0.48362,17574060649351232749,,,
Automated Theorem Proving And Formal Verification,bisimulation_equivalence_check,-O3,SUCCESS,0.929407,402820253,,,
Automated Theorem Proving And Formal Verification,bounded_model_checker_sat,-O3,SUCCESS,0.957003,59494019,,,
Automated Theorem Proving And Formal Verification,tableau_prover_first_order,-O3,SUCCESS,0.513591,34147485409,,,
Automated Theorem Proving And Formal Verification,type_inference_hindley_milner,-O3,SUCCESS,0.601461,0,,,
Combinatorial Enumeration,solve_sudoku_bruteforce,-O3,SUCCESS,0.742457,242267,,,
Combinatorial Enumeration,enumerate_spanning_trees,-O3,SUCCESS,0.872075,9223372036854775807,,,
Combinatorial Enumeration,generate_permutations,-O3,SUCCESS,0.960128,3570739200,,,
Combinatorial Enumeration,enumerate_set_covers,-O3,SUCCESS,0.653993,16755212,,,
Combinatorial Enumeration,integer_partitions,-O3,SUCCESS,0.974213,5296062381868524267,,,
Combinatorial Enumeration,enumerate_hamiltonian_cycles,-O3,SUCCESS,0.499392,257654,,,
Combinatorial Enumeration,generate_dyck_paths,-O3,SUCCESS,0.416675,129644790,,,
Combinatorial Enumeration,enumerate_graph_colorings,-O3,SUCCESS,0.900035,15504840,,,
Combinatorial Enumeration,knapsack_01_bruteforce,-O3,SUCCESS,0.624145,1112,,,
Combinatorial Enumeration,generate_power_set,-O3,SUCCESS,0.651692,9546235904,,,
Combinatorial Enumeration,generate_balanced_parentheses,-O3,SUCCESS,1.023005,477638700,,,
Combinatorial Enumeration,bipartite_matching_enumeration,-O3,SUCCESS,1.151192,126688123,,,
Combinatorial Enumeration,n_queens_enumeration,-O3,SUCCESS,2.079269,365596,,,
Combinatorial Enumeration,traveling_salesperson_bruteforce,-O3,SUCCESS,0.379812,137928500,,,
Combinatorial Enumeration,generate_combinations,-O3,SUCCESS,0.675495,601080390,,,
Symbolic Computation (Computer Algebra),matrix_symbolic_determinant,-O3,SUCCESS,2.486366,39916800,,,
Symbolic Computation (Computer Algebra),taylor_series_expansion,-O3,SUCCESS,1.081961,48573594,,,
Symbolic Computation (Computer Algebra),matrix_symbolic_multiplication,-O3,SUCCESS,0.840065,822629,,,
Symbolic Computation (Computer Algebra),polynomial_factorization,-O3,SUCCESS,0.804987,-7654319559270203392,,,
Symbolic Computation (Computer Algebra),matrix_symbolic_inverse,-O3,SUCCESS,0.229809,32659200,,,
Symbolic Computation (Computer Algebra),polynomial_division_multivariate,-O3,SUCCESS,0.518283,6069673504158643729,,,
Symbolic Computation (Computer Algebra),polynomial_expand,-O3,SUCCESS,0.757921,-2880728923520507648,,,
Symbolic Computation (Computer Algebra),limit_computation,-O3,SUCCESS,1.022167,52073061,,,
Symbolic Computation (Computer Algebra),matrix_symbolic_char_poly,-O3,SUCCESS,0.202516,-8426114911,,,
Symbolic Computation (Computer Algebra),simplify_rational_expression,-O3,SUCCESS,0.869591,-419,,,
Symbolic Computation (Computer Algebra),groebner_basis_calculation,-O3,SUCCESS,0.620285,8540940396400865566,,,
Symbolic Computation (Computer Algebra),symbolic_integration,-O3,SUCCESS,0.741668,42113377,,,
Symbolic Computation (Computer Algebra),symbolic_differentiation,-O3,SUCCESS,1.17624,43422410,,,
Symbolic Computation (Computer Algebra),solve_polynomial_system,-O3,SUCCESS,0.841235,0,,,
Symbolic Computation (Computer Algebra),solve_linear_system_symbolic,-O3,SUCCESS,0.586781,37908886944718924,,,
Symbolic Computation (Computer Algebra),polynomial_gcd_multivariate,-O3,SUCCESS,0.764122,8941537052713528277,,,
Symbolic Computation (Computer Algebra),resultant_of_polynomials,-O3,SUCCESS,0.888602,-70041023296.085052,,,
Hashing And Checksums,murmur_hash,-O3,SUCCESS,0.635117,613796890,,,
Hashing And Checksums,jenkins_hash,-O3,SUCCESS,1.031184,1253093571,,,
Hashing And Checksums,fnv_hash,-O3,SUCCESS,0.971236,9008200543155254,,,
Hashing And Checksums,rolling_hash_rabin_karp,-O3,SUCCESS,1.002154,878836586,,,
Hashing And Checksums,pearson_hash,-O3,SUCCESS,1.053082,198,,,
Hashing And Checksums,city_hash,-O3,SUCCESS,0.974218,15963637123798504768,,,
Hashing And Checksums,fletcher_checksum,-O3,SUCCESS,1.006521,27753,,,
Hashing And Checksums,adler32_checksum,-O3,SUCCESS,0.890621,970618844,,,
Hashing And Checksums,zobrist_hashing,-O3,SUCCESS,0.49111,10602495899599549248,,,
Hashing And Checksums,xxhash,-O3,SUCCESS,0.517276,1943788805,,,
Hashing And Checksums,siphash,-O3,SUCCESS,1.026476,9313423525661542900,,,
Hashing And Checksums,crc16_computation,-O3,SUCCESS,1.004288,3581152484,,,
Linear Algebra Operations,gram_schmidt_orthogonalization,-O3,SUCCESS,1.128579,1.743947,,,
Linear Algebra Operations,matrix_rank_calculation,-O3,SUCCESS,0.57142,637,,,
Linear Algebra Operations,matrix_trace,-O3,SUCCESS,1.311974,990619853.993918,,,
Linear Algebra Operations,matrix_condition_number,-O3,SUCCESS,1.201707,155730.248669,,,
Linear Algebra Operations,matrix_power,-O3,SUCCESS,1.127444,361142.587219,,,
Linear Algebra Operations,vector_dot_product,-O3,SUCCESS,1.027419,215981504.282950,,,
Linear Algebra Operations,givens_rotation,-O3,SUCCESS,0.870049,3478998.165570,,,
Linear Algebra Operations,matrix_vector_multiply,-O3,SUCCESS,0.521619,120561395.366468,,,
Linear Algebra Operations,matrix_transpose,-O3,SUCCESS,1.030096,171118235.031879,,,
Linear Algebra Operations,householder_reflection,-O3,SUCCESS,0.94979,27213.001726,,,
Linear Algebra Operations,kronecker_product,-O3,SUCCESS,0.725699,128715792.978437,,,
String Processing And Text Algorithms,huffman_coding_build_tree,-O3,SUCCESS,0.801033,5599999,,,
String Processing And Text Algorithms,rabin_karp_search,-O3,SUCCESS,1.006509,0,,,
String Processing And Text Algorithms,longest_common_substring,-O3,SUCCESS,0.608832,14,,,
String Processing And Text Algorithms,z_algorithm_pattern_search,-O3,SUCCESS,0.903363,0,,,
String Processing And Text Algorithms,naive_string_search,-O3,SUCCESS,0.487656,0,,,
String Processing And Text Algorithms,lempel_ziv_77_compress,-O3,SUCCESS,1.033228,173018652,,,
String Processing And Text Algorithms,build_trie_from_wordlist,-O3,SUCCESS,1.123158,32642823,,,
String Processing And Text Algorithms,regex_matching_backtracking,-O3,SUCCESS,0.61725,479634479,,,
String Processing And Text Algorithms,boyer_moore_search,-O3,SUCCESS,1.092429,0,,,
String Processing And Text Algorithms,knuth_morris_pratt_search,-O3,SUCCESS,0.719008,0,,,
String Processing And Text Algorithms,build_suffix_tree_ukkonen,-O3,SUCCESS,0.757161,6945132,,,
String Processing And Text Algorithms,diff_utility_myers,-O3,SUCCESS,1.083856,34182,,,
String Processing And Text Algorithms,levenshtein_distance,-O3,SUCCESS,0.812772,20755,,,
String Processing And Text Algorithms,longest_common_subsequence,-O3,SUCCESS,0.703914,18773,,,
String Processing And Text Algorithms,build_suffix_array,-O3,SUCCESS,0.680704,-5783146914613800560,,,
String Processing And Text Algorithms,aho_corasick_multi_pattern_search,-O3,SUCCESS,1.181279,6,,,
String Processing And Text Algorithms,sort_large_string_array_radix,-O3,SUCCESS,0.833102,7943,,,
String Processing And Text Algorithms,build_suffix_automaton,-O3,SUCCESS,0.599333,52754987429885,,,
String Processing And Text Algorithms,rope_data_structure_operations,-O3,SUCCESS,0.552218,57333320719556,,,
String Processing And Text Algorithms,manacher_find_all_palindromes,-O3,SUCCESS,0.92565,269998737,,,
Numerical Analysis,lu_decomposition,-O3,SUCCESS,0.553313,6715249.861575,,,
Numerical Analysis,partial_differential_equation_finite_difference,-O3,SUCCESS,0.86581,5085523.875581,,,
Numerical Analysis,ordinary_differential_equation_runge_kutta,-O3,SUCCESS,1.001571,nan,,,
Numerical Analysis,singular_value_decomposition,-O3,SUCCESS,0.478939,109.277168,,,
Numerical Analysis,numerical_integration_simpson,-O3,SUCCESS,0.971974,0.000000000000,,,
Numerical Analysis,gauss_seidel_iteration,-O3,SUCCESS,0.569487,-32.330703,,,
Numerical Analysis,qr_factorization,-O3,SUCCESS,0.552515,5233.777990,,,
Numerical Analysis,jacobi_iteration,-O3,SUCCESS,0.821796,144.809073,,,
Numerical Analysis,eigenvalue_solver,-O3,SUCCESS,0.978376,83.279898,,,
Numerical Analysis,numerical_integration_trapezoidal,-O3,SUCCESS,1.030952,174375057185909014528.000000,,,
Numerical Analysis,root_finding_newton_raphson,-O3,SUCCESS,0.596164,111372.3244309355,,,
Numerical Analysis,root_finding_bisection,-O3,SUCCESS,0.982826,0.999451289419,,,
Numerical Analysis,fast_fourier_transform,-O3,SUCCESS,0.527693,24873878323.933044,,,
Numerical Analysis,ordinary_differential_equation_euler,-O3,SUCCESS,0.92648,607904111.049994,,,
Numerical Analysis,polynomial_interpolation,-O3,SUCCESS,1.245263,nan,,,
Numerical Analysis,romberg_integration,-O3,SUCCESS,1.283361,0.913981,,,
Numerical Analysis,gaussian_quadrature,-O3,SUCCESS,1.007338,3.9774632605,,,
Numerical Analysis,inverse_fast_fourier_transform,-O3,SUCCESS,0.742992,2963.859830,,,
Numerical Analysis,cubic_spline_interpolation,-O3,SUCCESS,0.981331,-1099724.401488,,,
Numerical Analysis,linear_solver,-O3,SUCCESS,1.084098,-13.407422,,,
Data Mining And Association Rule Learning,fp_growth_frequent_itemsets,-O3,SUCCESS,0.573111,9813164970,,,
Data Mining And Association Rule Learning,gsp_sequential_patterns,-O3,SUCCESS,0.523817,2775,,,
Data Mining And Association Rule Learning,cart_decision_tree_build,-O3,SUCCESS,0.791409,24.998897,,,
Data Mining And Association Rule Learning,birch_clustering,-O3,SUCCESS,0.776364,107322.360321,,,
Data Mining And Association Rule Learning,page_rank_calculation,-O3,SUCCESS,0.98043,1.000000,,,
Data Mining And Association Rule Learning,hits_algorithm_calculation,-O3,SUCCESS,0.950681,772.913948,,,
Data Mining And Association Rule Learning,clarans_clustering,-O3,SUCCESS,0.561129,9046.337901,,,
Data Mining And Association Rule Learning,apriori_frequent_itemsets,-O3,SUCCESS,1.142925,856,,,
Data Mining And Association Rule Learning,id3_decision_tree_build,-O3,SUCCESS,1.05089,263,,,
Data Mining And Association Rule Learning,c45_decision_tree_build,-O3,SUCCESS,0.850364,0.005526,,,
Data Mining And Association Rule Learning,eclat_frequent_itemsets,-O3,SUCCESS,0.601467,817,,,
Data Mining And Association Rule Learning,generate_association_rules_from_itemsets,-O3,SUCCESS,1.154962,25084315,,,
Data Mining And Association Rule Learning,prefix_span_sequential_patterns,-O3,SUCCESS,0.595373,13546,,,
Computational Chemistry,quantum_monte_carlo_vqe,-O3,SUCCESS,0.867306,-5.667680,,,
Computational Chemistry,hartree_fock_scf,-O3,SUCCESS,0.909687,337703369369812271104.000000,,,
Computational Chemistry,free_energy_perturbation,-O3,SUCCESS,0.553734,inf,,,
Computational Chemistry,semi_empirical_mopac_run,-O3,SUCCESS,0.968109,-34008.7800,,,
Computational Chemistry,molecular_dynamics_nvt,-O3,SUCCESS,0.492048,181107285548531170137911281264345969601108873576448.000000,,,
Computational Chemistry,density_functional_theory_scf,-O3,SUCCESS,1.115634,60.000000,,,
Computational Chemistry,simulate_nmr_chemical_shifts,-O3,SUCCESS,0.730274,6.465715,,,
Computational Chemistry,calculate_rmsd_trajectory,-O3,SUCCESS,0.470131,1555014.280728,,,
Computational Chemistry,conformational_search_monte_carlo,-O3,SUCCESS,1.033653,6105191.231001,,,
Computational Chemistry,moller_plesset_perturbation_theory_mp2,-O3,SUCCESS,0.69358,-104973.242818,,,
Computational Chemistry,principal_component_analysis_of_trajectory,-O3,SUCCESS,0.591198,9994.975570,,,
Computational Chemistry,molecular_dynamics_npt,-O3,SUCCESS,0.95021,-115.935343,,,
Computational Chemistry,coupled_cluster_ccsd,-O3,SUCCESS,1.088114,8.924502,,,
Computational Chemistry,calculate_radial_distribution_function,-O3,SUCCESS,0.74778,96180868.00,,,
Computational Chemistry,energy_minimization_steepest_descent,-O3,SUCCESS,0.683468,-1530.322229,,,
Computational Chemistry,calculate_vibrational_frequencies,-O3,SUCCESS,1.169547,84.678839,,,
Computational Chemistry,build_wham_potential_of_mean_force,-O3,SUCCESS,1.005898,0.000000,,,
"Robotics, Pathfinding, And Motion Planning",iterative_closest_point_registration,-O3,SUCCESS,0.957065,1585588.500000,,,
"Robotics, Pathfinding, And Motion Planning",d_star_lite_replanning,-O3,SUCCESS,0.800831,0,,,
"Robotics, Pathfinding, And Motion Planning",theta_star_any_angle_pathfinding,-O3,SUCCESS,0.608923,629161,,,
"Robotics, Pathfinding, And Motion Planning",collision_detection_broadphase,-O3,SUCCESS,0.612202,22353,,,
"Robotics, Pathfinding, And Motion Planning",potential_field_navigation,-O3,SUCCESS,0.735446,648,,,
"Robotics, Pathfinding, And Motion Planning",pose_graph_optimization_backend,-O3,SUCCESS,0.456514,13170967063.770493,,,
"Robotics, Pathfinding, And Motion Planning",jump_point_search_pathfinding,-O3,SUCCESS,0.780904,6733,,,
"Robotics, Pathfinding, And Motion Planning",rrt_motion_planning,-O3,SUCCESS,0.952237,3159.100000,,,
"Robotics, Pathfinding, And Motion Planning",forward_dynamics_simulation_abm,-O3,SUCCESS,0.913062,33206.045766,,,
"Robotics, Pathfinding, And Motion Planning",prm_construction_phase,-O3,SUCCESS,0.65799,100000,,,
"Robotics, Pathfinding, And Motion Planning",inverse_kinematics_solver_jacobian,-O3,SUCCESS,0.951026,16,,,
"Robotics, Pathfinding, And Motion Planning",occupancy_grid_mapping_from_scans,-O3,SUCCESS,0.776583,74723,,,
"Robotics, Pathfinding, And Motion Planning",rrt_star_motion_planning,-O3,SUCCESS,0.531452,1.600410,,,
"Robotics, Pathfinding, And Motion Planning",collision_detection_narrowphase_gjk,-O3,SUCCESS,0.841932,0,,,
"Robotics, Pathfinding, And Motion Planning",a_star_pathfinding_2d_grid,-O3,SUCCESS,0.808186,13890,,,
"Robotics, Pathfinding, And Motion Planning",particle_filter_localization_mcl,-O3,SUCCESS,0.883179,351851612,,,
"Robotics, Pathfinding, And Motion Planning",inverse_dynamics_simulation_rnea,-O3,SUCCESS,1.192272,-257517.778289,,,
Geospatial Information Systems (Gis) Analysis,dissolve_polygons_by_attribute,-O3,SUCCESS,0.97298,459443,,,
Geospatial Information Systems (Gis) Analysis,focal_statistics_mean_filter,-O3,SUCCESS,1.091329,29445707.594853,,,
Geospatial Information Systems (Gis) Analysis,build_spatial_index_r_tree,-O3,SUCCESS,1.033138,3037783,,,
Geospatial Information Systems (Gis) Analysis,kriging_interpolation,-O3,SUCCESS,0.878772,330032.441805,,,
Geospatial Information Systems (Gis) Analysis,raster_overlay_weighted_sum,-O3,SUCCESS,0.687755,38724538678.825867,,,
Geospatial Information Systems (Gis) Analysis,reproject_vector_layer,-O3,SUCCESS,0.490903,88930023981.3409,,,
Geospatial Information Systems (Gis) Analysis,vector_overlay_union_polygons,-O3,SUCCESS,0.831306,96009789,,,
Geospatial Information Systems (Gis) Analysis,raster_viewshed_analysis,-O3,SUCCESS,1.040925,3266,,,
Geospatial Information Systems (Gis) Analysis,network_analysis_service_area,-O3,SUCCESS,0.833036,179994918667,,,
Geospatial Information Systems (Gis) Analysis,inverse_distance_weighting_interpolation,-O3,SUCCESS,1.421548,25603268,,,
Geospatial Information Systems (Gis) Analysis,rasterize_polygons,-O3,SUCCESS,1.015656,991505878,,,
Geospatial Information Systems (Gis) Analysis,vector_overlay_intersect_polygons,-O3,SUCCESS,0.877125,57791,,,
Geospatial Information Systems (Gis) Analysis,point_cloud_to_dem_interpolation,-O3,SUCCESS,1.142696,180545450.116770,,,
Geospatial Information Systems (Gis) Analysis,buffer_generation,-O3,SUCCESS,0.721538,398671518825.375366,,,
Geospatial Information Systems (Gis) Analysis,raster_cost_distance,-O3,SUCCESS,1.042715,30296037639.437447,,,
Geospatial Information Systems (Gis) Analysis,build_spatial_index_quadtree,-O3,SUCCESS,0.783411,2270405,,,
Geospatial Information Systems (Gis) Analysis,zonal_statistics,-O3,SUCCESS,0.728829,32766643.540275,,,
Geospatial Information Systems (Gis) Analysis,raster_hydrology_flow_accumulation,-O3,SUCCESS,0.944913,37413178,,,
Geospatial Information Systems (Gis) Analysis,point_cloud_ground_classification,-O3,SUCCESS,0.388142,7194584,,,
Geospatial Information Systems (Gis) Analysis,spatial_join_points_in_polygons,-O3,SUCCESS,0.555668,110755,,,
Real-Time Stream Processing,stream_deduplication,-O3,SUCCESS,1.039441,494936725,,,
Real-Time Stream Processing,complex_event_processing_pattern_matching,-O3,SUCCESS,0.509482,0,,,
Real-Time Stream Processing,count_min_sketch_frequency_count,-O3,SUCCESS,1.011732,6295467,,,
Real-Time Stream Processing,tumbling_window_aggregation,-O3,SUCCESS,0.87201,64438234085534504,,,
Real-Time Stream Processing,bloom_filter_check_stream,-O3,SUCCESS,1.004504,41845173,,,
Real-Time Stream Processing,stream_to_stream_join,-O3,SUCCESS,0.901106,214770242184457016,,,
Real-Time Stream Processing,stateful_map_with_keyed_state,-O3,SUCCESS,0.612373,6872212323218176632,,,
Real-Time Stream Processing,hyperloglog_count_distinct,-O3,SUCCESS,1.006911,19773755,,,
Real-Time Stream Processing,event_time_reordering_and_watermarking,-O3,SUCCESS,0.858361,57937699651,,,
Real-Time Stream Processing,sliding_window_aggregation,-O3,SUCCESS,0.772997,24466497768,,,
Real-Time Stream Processing,stream_to_table_join,-O3,SUCCESS,0.692044,-1190857365,,,
Real-Time Stream Processing,stream_filtering_lambda,-O3,SUCCESS,0.58774,389598945502,,,
Real-Time Stream Processing,heavy_hitters_detection,-O3,SUCCESS,0.97683,39219087904,,,
Real-Time Stream Processing,stream_flatmap_operation,-O3,SUCCESS,1.02359,3577792369666924295,,,
Cellular Automata Variants,majority_vote_ca,-O3,SUCCESS,0.919453,3387927,,,
Cellular Automata Variants,sand_pile_model,-O3,SUCCESS,0.951656,119733475,,,
Cellular Automata Variants,elementary_cellular_automaton,-O3,SUCCESS,0.834472,14532,,,
Cellular Automata Variants,forest_fire_simulation,-O3,SUCCESS,0.59331,365737,,,
Cellular Automata Variants,block_cellular_automaton,-O3,SUCCESS,0.996322,2879282,,,
Cellular Automata Variants,totalistic_ca,-O3,SUCCESS,0.856276,7217126,,,
Cellular Automata Variants,wireworld_simulation,-O3,SUCCESS,0.812134,1471015,,,
Cellular Automata Variants,cyclic_cellular_automaton,-O3,SUCCESS,1.290901,16643297,,,
Cellular Automata Variants,continuous_cellular_automaton,-O3,SUCCESS,0.928356,512864.687500,,,
Cellular Automata Variants,langtons_ant,-O3,SUCCESS,0.906391,1841500,,,
Financial Modeling And Quantitative Analysis,kalman_filter_state_estimation,-O3,SUCCESS,0.755606,nan,,,
Financial Modeling And Quantitative Analysis,monte_carlo_american_option_price_lsm,-O3,SUCCESS,0.857607,6.08591684,,,
Financial Modeling And Quantitative Analysis,binomial_tree_option_price,-O3,SUCCESS,1.153536,8.0213586435,,,
Financial Modeling And Quantitative Analysis,efficient_frontier_calculation,-O3,SUCCESS,1.111741,-322.437983,,,
Financial Modeling And Quantitative Analysis,covariance_matrix_calculation,-O3,SUCCESS,0.965511,3.294682,,,
Financial Modeling And Quantitative Analysis,historical_value_at_risk,-O3,SUCCESS,0.587487,0.000547,,,
Financial Modeling And Quantitative Analysis,garch_model_fitting,-O3,SUCCESS,0.705706,4247594.929498,,,
Financial Modeling And Quantitative Analysis,arma_model_fitting,-O3,SUCCESS,0.482943,15414359.069692,,,
Financial Modeling And Quantitative Analysis,credit_portfolio_loss_simulation_mc,-O3,SUCCESS,0.384795,21439865,,,
Financial Modeling And Quantitative Analysis,mean_variance_portfolio_optimization,-O3,SUCCESS,0.744569,0.873743335237,,,
Financial Modeling And Quantitative Analysis,monte_carlo_value_at_risk,-O3,SUCCESS,0.986949,-73.3058,,,
Financial Modeling And Quantitative Analysis,bond_yield_curve_construction,-O3,SUCCESS,0.674197,575.716241,,,
Financial Modeling And Quantitative Analysis,black_scholes_pde_solver_finite_diff,-O3,SUCCESS,1.190485,nan,,,
Financial Modeling And Quantitative Analysis,hull_white_model_calibration,-O3,SUCCESS,1.011004,29.37266350,,,
Financial Modeling And Quantitative Analysis,agent_based_market_simulation,-O3,SUCCESS,0.718067,123197669.553869,,,
Financial Modeling And Quantitative Analysis,backtest_trading_strategy,-O3,SUCCESS,0.668431,-41.585516,,,
Financial Modeling And Quantitative Analysis,trinomial_tree_option_price,-O3,SUCCESS,0.918107,10.450559,,,
Financial Modeling And Quantitative Analysis,conditional_value_at_risk_optimization,-O3,SUCCESS,1.030273,0.001802,,,
Financial Modeling And Quantitative Analysis,monte_carlo_european_option_price,-O3,SUCCESS,0.987813,656.884918,,,
Financial Modeling And Quantitative Analysis,market_order_book_simulation,-O3,SUCCESS,0.987987,35494634858.610580,,,
Recursive Algorithms,fibonacci_recursive,-O3,SUCCESS,0.894556,701408733,,,
Recursive Algorithms,recursive_factorial,-O3,SUCCESS,0.146044,984813087540379648,,,
Recursive Algorithms,tree_recursion_depth,-O3,SUCCESS,0.587033,2899679972,,,
Recursive Algorithms,recursive_permutations,-O3,SUCCESS,0.732651,13173005696,,,
Recursive Algorithms,tower_of_hanoi,-O3,SUCCESS,0.835893,2147483647,,,
Recursive Algorithms,ackermann_function,-O3,SUCCESS,0.64161,46803,,,
Sorting,quicksort_with_insertion_sort_cutoff,-O3,SUCCESS,0.642389,842940326,,,
Sorting,introsort,-O3,SUCCESS,0.846402,-2120282761,,,
Sorting,insertion_sort,-O3,SUCCESS,0.567087,97499,,,
Sorting,bubble_sort,-O3,SUCCESS,0.69802,631578732,,,
Sorting,counting_sort,-O3,SUCCESS,1.015938,123022,,,
Sorting,radix_sort_lsd,-O3,SUCCESS,1.044786,11074210,,,
Sorting,shellsort,-O3,SUCCESS,1.139664,-898090,,,
Sorting,selection_sort,-O3,SUCCESS,1.289738,-284445609,,,
Sorting,timsort,-O3,SUCCESS,1.051095,1839677397,,,
Sorting,binary_tree_sort,-O3,SUCCESS,0.586796,383612654,,,
Sorting,bucket_sort,-O3,SUCCESS,0.818648,369537,,,
Sorting,heapsort,-O3,SUCCESS,0.561702,747485,,,
Sorting,pancake_sort,-O3,SUCCESS,0.894701,-2135244850,,,
Sorting,quicksort,-O3,SUCCESS,1.132981,49503559,,,
Sorting,mergesort,-O3,SUCCESS,0.809216,841982,,,
Dynamic Programming Algorithms,maximum_subarray_sum,-O3,SUCCESS,0.955403,761694,,,
Dynamic Programming Algorithms,coin_change_problem,-O3,SUCCESS,0.569861,11,,,
Dynamic Programming Algorithms,optimal_binary_search_tree,-O3,SUCCESS,0.622168,778278,,,
Dynamic Programming Algorithms,egg_dropping_problem,-O3,SUCCESS,0.493987,13,,,
Dynamic Programming Algorithms,boolean_parenthesization,-O3,SUCCESS,1.178828,518367747,,,
Dynamic Programming Algorithms,palindrome_partitioning,-O3,SUCCESS,0.878734,12632,,,
Dynamic Programming Algorithms,longest_increasing_subsequence,-O3,SUCCESS,0.928675,341,,,
Dynamic Programming Algorithms,rod_cutting_problem,-O3,SUCCESS,0.957898,3720000,,,
Dynamic Programming Algorithms,subset_sum_problem,-O3,SUCCESS,1.208235,1,,,
Dynamic Programming Algorithms,matrix_chain_multiplication,-O3,SUCCESS,0.5349,55635380,,,
Dynamic Programming Algorithms,fibonacci_dp,-O3,SUCCESS,0.233413,0,,,
Simple Simulations,predator_prey_model,-O3,SUCCESS,1.013434,6659388700537,,,
Simple Simulations,monte_carlo_pi_estimation,-O3,SUCCESS,1.005021,3.1417951855,,,
Simple Simulations,brownian_motion_1d,-O3,SUCCESS,0.948451,1778448.000000,,,
Simple Simulations,cellular_automaton_rule30,-O3,SUCCESS,0.994689,799994718,,,
Simple Simulations,game_of_life_simulation,-O3,SUCCESS,0.663232,136755,,,
Statistical Modeling,bootstrap_regression_coeffs,-O3,SUCCESS,0.514059,796.078721,,,
Statistical Modeling,variational_inference,-O3,SUCCESS,1.013916,-1080666.492984,,,
Statistical Modeling,bayesian_linear_regression,-O3,SUCCESS,0.54904,230422.101936,,,
Statistical Modeling,permutation_test_two_sample,-O3,SUCCESS,1.401758,0,,,
Statistical Modeling,bootstrap_mean,-O3,SUCCESS,1.069482,-3175.859088,,,
Statistical Modeling,gibbs_sampling,-O3,SUCCESS,0.99601,-2471.748351,,,
Statistical Modeling,kernel_density_estimation,-O3,SUCCESS,1.079629,4999.500000,,,
Statistical Modeling,seasonal_decomposition,-O3,SUCCESS,0.490519,2007031.144409,,,
Statistical Modeling,loess_smoothing,-O3,SUCCESS,0.934245,5146.925503,,,
Statistical Modeling,jackknife_resampling,-O3,SUCCESS,0.618193,0.000000,,,
Statistical Modeling,kaplan_meier_estimator,-O3,SUCCESS,1.387213,3571.488241,,,
Statistical Modeling,maximum_likelihood_estimation,-O3,SUCCESS,0.94138,-0.000676,,,
Statistical Modeling,expectation_maximization_gmm,-O3,SUCCESS,0.981746,-112888.998221,,,
Statistical Modeling,cox_proportional_hazards_fit,-O3,SUCCESS,0.957114,0.002850,,,
Statistical Modeling,anova_permutation_test,-O3,SUCCESS,1.058704,0,,,
Statistical Modeling,hamiltonian_monte_carlo,-O3,SUCCESS,1.000041,6517.132433,,,
Statistical Modeling,metropolis_hastings_mcmc,-O3,SUCCESS,0.979202,827632.282184,,,
Statistical Modeling,kalman_filter,-O3,SUCCESS,0.724983,14.361031,,,
Statistical Modeling,arima_simulation,-O3,SUCCESS,0.999986,nan,,,
Statistical Modeling,chi_squared_test_monte_carlo,-O3,SUCCESS,0.895268,60000,,,
Statistical Modeling,autocorrelation_calculation,-O3,SUCCESS,0.89839,0.976846,,,
Operations Research,markov_decision_process_value_iteration,-O3,SUCCESS,0.86322,2602755.595310,,,
Operations Research,knapsack_01_dynamic_programming,-O3,SUCCESS,1.023474,5586728,,,
Operations Research,assignment_problem_hungarian_method,-O3,SUCCESS,0.901112,2951,,,
Operations Research,bin_packing_first_fit_decreasing,-O3,SUCCESS,0.651534,50065,,,
Operations Research,simulated_annealing_for_tsp,-O3,SUCCESS,1.034416,-741279.075959,,,
Operations Research,ant_colony_optimization_for_tsp,-O3,SUCCESS,0.797065,16974,,,
Operations Research,simplex_method,-O3,SUCCESS,0.623215,923,,,
Operations Research,set_cover_problem_exact,-O3,SUCCESS,0.828726,3,,,
Operations Research,inventory_management_dynamic_programming,-O3,SUCCESS,0.955695,720825,,,
Operations Research,min_cost_max_flow,-O3,SUCCESS,0.809614,1913859,,,
Operations Research,queuing_theory_simulation,-O3,SUCCESS,0.999588,2548687.675358,,,
Operations Research,vehicle_routing_problem_solver,-O3,SUCCESS,0.985269,619529,,,
Operations Research,job_shop_scheduling_solver,-O3,SUCCESS,0.834539,0,,,
Operations Research,tabu_search_for_vrp,-O3,SUCCESS,0.841842,22884.180511,,,
Operations Research,cutting_plane_method,-O3,SUCCESS,1.17368,58,,,
Operations Research,resource_allocation_dynamic_programming,-O3,SUCCESS,0.91087,24342428,,,
Operations Research,integer_programming_branch_and_bound,-O3,SUCCESS,1.087069,15000,,,
Operations Research,quadratic_assignment_problem_bruteforce,-O3,SUCCESS,0.141077,155516,,,
Operations Research,traveling_salesperson_exact_solve,-O3,SUCCESS,1.32263,224,,,
Computational Topology,calculate_bottleneck_distance,-O3,SUCCESS,0.93573,0.006005,,,
Computational Topology,build_cech_complex,-O3,SUCCESS,0.842901,8031715,,,
Computational Topology,calculate_wasserstein_distance,-O3,SUCCESS,0.98626,34504.039520,,,
Computational Topology,smith_normal_form_boundary_matrix,-O3,SUCCESS,0.589816,1002626870,,,
Computational Topology,calculate_jones_polynomial,-O3,SUCCESS,0.52139,0,,,
Computational Topology,locally_linear_embedding_lle,-O3,SUCCESS,0.905121,104894685451.201202,,,
Computational Topology,betti_numbers_from_homology_groups,-O3,SUCCESS,0.840893,-26423354,,,
Computational Topology,isomap_embedding,-O3,SUCCESS,0.981462,53323856.288610,,,
Computational Topology,zigzag_persistence_calculation,-O3,SUCCESS,1.084586,31422394744,,,
Computational Topology,build_witness_complex,-O3,SUCCESS,1.213284,0,,,
Computational Topology,discrete_morse_theory_simplification,-O3,SUCCESS,0.686128,1257052,,,
Computational Topology,construct_morse_smale_complex,-O3,SUCCESS,0.704216,6594732,,,
Computational Topology,compute_simplicial_homology,-O3,SUCCESS,0.451897,840,,,
Computational Topology,build_alpha_complex,-O3,SUCCESS,0.533934,493083,,,
Computational Topology,build_vietoris_rips_complex,-O3,SUCCESS,0.801068,850666,,,
Computational Topology,compute_persistent_homology_filtration,-O3,SUCCESS,0.78414,9482795699904647602,,,
Computational Topology,manifold_reconstruction_local_pca,-O3,SUCCESS,0.536267,297.941800,,,
Number Theory Computations,totient_function_euler,-O3,SUCCESS,0.989831,3926056045611,,,
Number Theory Computations,extended_euclidean_gcd,-O3,SUCCESS,1.053846,83722382,,,
Number Theory Computations,legendre_symbol_computation,-O3,SUCCESS,1.440875,766,,,
Number Theory Computations,sieve_of_eratosthenes,-O3,SUCCESS,1.037166,1075207199997334,,,
Number Theory Computations,modular_exponentiation,-O3,SUCCESS,1.242546,14616072176052657845,,,
Interpolation Methods,linear_interpolation,-O3,SUCCESS,0.890785,324962452.445510,,,
Interpolation Methods,bicubic_interpolation,-O3,SUCCESS,0.831476,39389303.869143,,,
Interpolation Methods,natural_neighbor_interpolation,-O3,SUCCESS,0.902448,12680.604302,,,
Interpolation Methods,barycentric_interpolation,-O3,SUCCESS,0.884332,0.000000,,,
Interpolation Methods,catmull_rom_spline,-O3,SUCCESS,0.194367,3996371278.848677,,,
Interpolation Methods,bezier_curve_evaluation,-O3,SUCCESS,0.87993,247884.186022,,,
Interpolation Methods,akima_spline,-O3,SUCCESS,0.712134,2501023648.135241,,,
Interpolation Methods,bilinear_interpolation,-O3,SUCCESS,0.673409,127188794.941673,,,
Interpolation Methods,shepard_interpolation,-O3,SUCCESS,1.338973,1669.136176,,,
Interpolation Methods,rbf_interpolation,-O3,SUCCESS,0.950487,518.711781,,,
Interpolation Methods,bspline_evaluation,-O3,SUCCESS,1.016498,-332594.270122,,,
Interpolation Methods,thin_plate_spline,-O3,SUCCESS,1.134732,310490.860504,,,
Digital Signal Processing (Dsp),fir_filter_direct_form,-O3,SUCCESS,0.533353,127872159.558339,,,
Digital Signal Processing (Dsp),resample_polyphase_fir,-O3,SUCCESS,0.825562,340759456.000000,,,
Digital Signal Processing (Dsp),iir_filter_direct_form,-O3,SUCCESS,0.987204,2580.099402,,,
Digital Signal Processing (Dsp),convolution_direct,-O3,SUCCESS,1.002928,21255.660544,,,
Digital Signal Processing (Dsp),median_filter,-O3,SUCCESS,1.000362,57070.742291,,,
Digital Signal Processing (Dsp),cross_correlation_fft,-O3,SUCCESS,0.85047,346358.816409,,,
Digital Signal Processing (Dsp),lms_adaptive_filter_run,-O3,SUCCESS,0.666185,1732516.683068,,,
Digital Signal Processing (Dsp),fast_fourier_transform_radix2,-O3,SUCCESS,0.577092,47892.277094,,,
Digital Signal Processing (Dsp),dynamic_time_warping,-O3,SUCCESS,0.917211,245.756822,,,
Digital Signal Processing (Dsp),qam_demodulation,-O3,SUCCESS,1.04034,495583264,,,
Digital Signal Processing (Dsp),downsample_with_decimation,-O3,SUCCESS,0.995862,1133.479637,,,
Digital Signal Processing (Dsp),short_time_fourier_transform,-O3,SUCCESS,0.974383,1303.816960,,,
Digital Signal Processing (Dsp),fir_filter_fft_overlap_add,-O3,SUCCESS,0.570051,202858.197202,,,
Digital Signal Processing (Dsp),discrete_cosine_transform,-O3,SUCCESS,0.69436,127.835997,,,
Digital Signal Processing (Dsp),auto_correlation_direct,-O3,SUCCESS,0.978061,47728.963462,,,
Digital Signal Processing (Dsp),wavelet_transform_discrete,-O3,SUCCESS,1.148616,7074.196179,,,
Digital Signal Processing (Dsp),generate_dtmf_tones,-O3,SUCCESS,1.00064,314.236055,,,
Digital Signal Processing (Dsp),pitch_detection_autocorrelation,-O3,SUCCESS,0.739675,441.000000,,,
Digital Signal Processing (Dsp),generate_sinewave_table,-O3,SUCCESS,0.549508,6052543.893290,,,
Digital Signal Processing (Dsp),upsample_with_interpolation,-O3,SUCCESS,0.995198,1063.380718,,,
Digital Signal Processing (Dsp),qam_modulation,-O3,SUCCESS,0.599722,15120455104.00,,,
Bioinformatics,multiple_sequence_alignment_progressive,-O3,SUCCESS,0.767875,-6079,,,
Bioinformatics,kmer_counting,-O3,SUCCESS,0.98534,7847501062,,,
Bioinformatics,variant_calling_pileup,-O3,SUCCESS,0.542351,2,,,
Bioinformatics,neighbor_joining_tree_build,-O3,SUCCESS,1.262687,8311.834961,,,
Bioinformatics,rna_secondary_structure_folding,-O3,SUCCESS,1.09645,824,,,
Bioinformatics,coalescent_simulation,-O3,SUCCESS,1.00871,279302.375521,,,
Bioinformatics,needleman_wunsch_global_alignment,-O3,SUCCESS,0.949159,-4071,,,
Bioinformatics,smith_waterman_local_alignment,-O3,SUCCESS,1.007535,40892,,,
Bioinformatics,protein_contact_map_calculation,-O3,SUCCESS,0.792291,609853,,,
Bioinformatics,genotype_phasing,-O3,SUCCESS,0.836374,752898329,,,
Bioinformatics,motif_finding_gibbs_sampling,-O3,SUCCESS,0.819462,1739840,,,
Bioinformatics,tandem_repeat_finding,-O3,SUCCESS,0.470442,488070,,,
Bioinformatics,parsimony_tree_heuristic_search,-O3,SUCCESS,0.868002,108203,,,
Bioinformatics,protein_threading_alignment,-O3,SUCCESS,0.842156,94.43,,,
Bioinformatics,bayesian_phylogenetics_mcmc,-O3,SUCCESS,0.620298,20630449.839317,,,
Bioinformatics,molecular_docking_simulation,-O3,SUCCESS,0.925156,-159.168824,,,
Bioinformatics,de_bruijn_graph_construction,-O3,SUCCESS,0.687149,5299999,,,
Bioinformatics,maximum_likelihood_phylogeny_evaluation,-O3,SUCCESS,0.902895,-113663886.333863,,,
Game Ai And Tree Search Algorithms,beam_search,-O3,SUCCESS,0.4897,3092376450390541,,,
Game Ai And Tree Search Algorithms,squad_behavior_tree_execution,-O3,SUCCESS,0.815139,-13232875146,,,
Game Ai And Tree Search Algorithms,counterfactual_regret_minimization_cfr,-O3,SUCCESS,0.936243,92.830043,,,
Game Ai And Tree Search Algorithms,go_board_influence_calculation,-O3,SUCCESS,0.943292,-21757852,,,
Game Ai And Tree Search Algorithms,navmesh_funnel_algorithm,-O3,SUCCESS,0.998516,273783503879668.94,,,
Game Ai And Tree Search Algorithms,monte_carlo_tree_search_uct,-O3,SUCCESS,1.131668,3,,,
Game Ai And Tree Search Algorithms,chess_engine_perft,-O3,SUCCESS,0.732298,120909581,,,
Game Ai And Tree Search Algorithms,minimax_search,-O3,SUCCESS,0.979634,-715,,,
Game Ai And Tree Search Algorithms,jps_plus_pathfinding,-O3,SUCCESS,0.848888,0,,,
Game Ai And Tree Search Algorithms,real_time_a_star_lrta,-O3,SUCCESS,0.800858,5278759,,,
Game Ai And Tree Search Algorithms,iterative_deepening_search,-O3,SUCCESS,0.5087,280504960939,,,
Game Ai And Tree Search Algorithms,checkers_endgame_database_probe,-O3,SUCCESS,0.517669,315029807638364866,,,
Game Ai And Tree Search Algorithms,negamax_search,-O3,SUCCESS,0.737301,-361,,,
Game Ai And Tree Search Algorithms,alpha_beta_pruning,-O3,SUCCESS,0.693894,63,,,
Game Ai And Tree Search Algorithms,boids_flocking_simulation,-O3,SUCCESS,0.956811,2406409.000000,,,
Digital Logic And Circuit Simulation,event_driven_logic_simulation,-O3,SUCCESS,0.607671,57019,,,
Digital Logic And Circuit Simulation,fault_simulation_parallel,-O3,SUCCESS,0.998379,519,,,
Digital Logic And Circuit Simulation,transient_analysis_ngspice_like,-O3,SUCCESS,0.913118,511.926098,,,
Digital Logic And Circuit Simulation,dc_operating_point_analysis,-O3,SUCCESS,1.042783,-0.670756,,,
Digital Logic And Circuit Simulation,logic_synthesis_optimization,-O3,SUCCESS,0.993789,10250347,,,
Digital Logic And Circuit Simulation,build_timing_graph,-O3,SUCCESS,1.053036,1461.560000,,,
Digital Logic And Circuit Simulation,cycle_based_logic_simulation,-O3,SUCCESS,0.753961,34979,,,
Digital Logic And Circuit Simulation,static_timing_analysis_sta,-O3,SUCCESS,0.864701,3967782305,,,
Digital Logic And Circuit Simulation,build_binary_decision_diagram,-O3,SUCCESS,0.857456,6275773,,,
Digital Logic And Circuit Simulation,ac_analysis_ngspice_like,-O3,SUCCESS,0.822803,15205326706.805935,,,
Digital Logic And Circuit Simulation,automatic_test_pattern_generation_podem,-O3,SUCCESS,0.809253,48896750,,,
Digital Logic And Circuit Simulation,bounded_model_checking,-O3,SUCCESS,1.005233,40,,,
Digital Logic And Circuit Simulation,fault_simulation_deductive,-O3,SUCCESS,0.957645,33834,,,
Digital Logic And Circuit Simulation,combinational_equivalence_checking_sat,-O3,SUCCESS,0.731423,524288,,,
Digital Logic And Circuit Simulation,power_analysis_simulation,-O3,SUCCESS,0.893735,22476591.503694,,,
Digital Logic And Circuit Simulation,levelized_compiled_code_simulation,-O3,SUCCESS,0.789193,7761,,,
